Admiral,https://acnhcdn.com/latest/NpcBromide/NpcNmlBrd06.png
Agent S,https://acnhcdn.com/latest/NpcBromide/NpcNmlSqu05.png
Agnes,https://acnhcdn.com/latest/NpcBromide/NpcNmlPig17.png
Al,https://acnhcdn.com/latest/NpcBromide/NpcNmlGor08.png
Alfonso,https://acnhcdn.com/latest/NpcBromide/NpcNmlCrd00.png
Alice,https://acnhcdn.com/latest/NpcBromide/NpcNmlKal01.png
Alli,https://acnhcdn.com/latest/NpcBromide/NpcNmlCrd01.png
Amelia,https://acnhcdn.com/latest/NpcBromide/NpcNmlPbr01.png
Anabelle,https://acnhcdn.com/latest/NpcBromide/NpcNmlAnt03.png
Anchovy,https://acnhcdn.com/latest/NpcBromide/NpcNmlBrd02.png
Angus,https://acnhcdn.com/latest/NpcBromide/NpcNmlBul00.png
Anicotti,https://acnhcdn.com/latest/NpcBromide/NpcNmlMus10.png
Ankha,https://acnhcdn.com/latest/NpcBromide/NpcNmlCat19.png
Annalisa,https://acnhcdn.com/latest/NpcBromide/NpcNmlAnt08.png
Annalise,https://acnhcdn.com/latest/NpcBromide/NpcNmlHrs09.png
Antonio,https://acnhcdn.com/latest/NpcBromide/NpcNmlAnt01.png
Apollo,https://acnhcdn.com/latest/NpcBromide/NpcNmlPbr00.png
Apple,https://acnhcdn.com/latest/NpcBromide/NpcNmlHam01.png
Astrid,https://acnhcdn.com/latest/NpcBromide/NpcNmlKgr05.png
Audie,https://acnhcdn.com/latest/NpcBromide/NpcNmlWol12.png
Aurora,https://acnhcdn.com/latest/NpcBromide/NpcNmlPgn00.png
Ava,https://acnhcdn.com/latest/NpcBromide/NpcNmlChn05.png
Avery,https://acnhcdn.com/latest/NpcBromide/NpcNmlPbr05.png
Axel,https://acnhcdn.com/latest/NpcBromide/NpcNmlElp06.png
Baabara,https://acnhcdn.com/latest/NpcBromide/NpcNmlShp01.png
Bam,https://acnhcdn.com/latest/NpcBromide/NpcNmlDer01.png
Bangle,https://acnhcdn.com/latest/NpcBromide/NpcNmlTig03.png
Barold,https://acnhcdn.com/latest/NpcBromide/NpcNmlCbr16.png
Bea,https://acnhcdn.com/latest/NpcBromide/NpcNmlDog10.png
Beardo,https://acnhcdn.com/latest/NpcBromide/NpcNmlBea13.png
Beau,https://acnhcdn.com/latest/NpcBromide/NpcNmlDer07.png
Becky,https://acnhcdn.com/latest/NpcBromide/NpcNmlChn09.png
Bella,https://acnhcdn.com/latest/NpcBromide/NpcNmlMus02.png
Benedict,https://acnhcdn.com/latest/NpcBromide/NpcNmlChn01.png
Benjamin,https://acnhcdn.com/latest/NpcBromide/NpcNmlDog16.png
Bertha,https://acnhcdn.com/latest/NpcBromide/NpcNmlHip03.png
Bettina,https://acnhcdn.com/latest/NpcBromide/NpcNmlMus15.png
Bianca,https://acnhcdn.com/latest/NpcBromide/NpcNmlTig06.png
Biff,https://acnhcdn.com/latest/NpcBromide/NpcNmlHip04.png
Big Top,https://acnhcdn.com/latest/NpcBromide/NpcNmlElp02.png
Bill,https://acnhcdn.com/latest/NpcBromide/NpcNmlDuk00.png
Billy,https://acnhcdn.com/latest/NpcBromide/NpcNmlGoa02.png
Biskit,https://acnhcdn.com/latest/NpcBromide/NpcNmlDog03.png
Bitty,https://acnhcdn.com/latest/NpcBromide/NpcNmlHip05.png
Blaire,https://acnhcdn.com/latest/NpcBromide/NpcNmlSqu01.png
Blanche,https://acnhcdn.com/latest/NpcBromide/NpcNmlOst08.png
Bluebear,https://acnhcdn.com/latest/NpcBromide/NpcNmlCbr00.png
Bob,https://acnhcdn.com/latest/NpcBromide/NpcNmlCat00.png
Bonbon,https://acnhcdn.com/latest/NpcBromide/NpcNmlRbt17.png
Bones,https://acnhcdn.com/latest/NpcBromide/NpcNmlDog04.png
Boomer,https://acnhcdn.com/latest/NpcBromide/NpcNmlPgn10.png
Boone,https://acnhcdn.com/latest/NpcBromide/NpcNmlGor02.png
Boots,https://acnhcdn.com/latest/NpcBromide/NpcNmlCrd02.png
Boris,https://acnhcdn.com/latest/NpcBromide/NpcNmlPig09.png
Boyd,https://acnhcdn.com/latest/NpcBromide/NpcNmlGor05.png
Bree,https://acnhcdn.com/latest/NpcBromide/NpcNmlMus03.png
Broccolo,https://acnhcdn.com/latest/NpcBromide/NpcNmlMus12.png
Broffina,https://acnhcdn.com/latest/NpcBromide/NpcNmlChn12.png
Bruce,https://acnhcdn.com/latest/NpcBromide/NpcNmlDer03.png
Bubbles,https://acnhcdn.com/latest/NpcBromide/NpcNmlHip02.png
Buck,https://acnhcdn.com/latest/NpcBromide/NpcNmlHrs00.png
Bud,https://acnhcdn.com/latest/NpcBromide/NpcNmlLon00.png
Bunnie,https://acnhcdn.com/latest/NpcBromide/NpcNmlRbt00.png
Butch,https://acnhcdn.com/latest/NpcBromide/NpcNmlDog01.png
Buzz,https://acnhcdn.com/latest/NpcBromide/NpcNmlPbr03.png
Cally,https://acnhcdn.com/latest/NpcBromide/NpcNmlSqu11.png
Camofrog,https://acnhcdn.com/latest/NpcBromide/NpcNmlFlg03.png
Canberra,https://acnhcdn.com/latest/NpcBromide/NpcNmlKal08.png
Candi,https://acnhcdn.com/latest/NpcBromide/NpcNmlMus08.png
Carmen,https://acnhcdn.com/latest/NpcBromide/NpcNmlRbt16.png
Caroline,https://acnhcdn.com/latest/NpcBromide/NpcNmlSqu06.png
Carrie,https://acnhcdn.com/latest/NpcBromide/NpcNmlKgr02.png
Cashmere,https://acnhcdn.com/latest/NpcBromide/NpcNmlShp04.png
Celia,https://acnhcdn.com/latest/NpcBromide/NpcNmlPbr09.png
Cesar,https://acnhcdn.com/latest/NpcBromide/NpcNmlGor00.png
Chadder,https://acnhcdn.com/latest/NpcBromide/NpcNmlMus18.png
Charlise,https://acnhcdn.com/latest/NpcBromide/NpcNmlBea12.png
Cheri,https://acnhcdn.com/latest/NpcBromide/NpcNmlCbr10.png
Cherry,https://acnhcdn.com/latest/NpcBromide/NpcNmlDog17.png
Chester,https://acnhcdn.com/latest/NpcBromide/NpcNmlCbr15.png
Chevre,https://acnhcdn.com/latest/NpcBromide/NpcNmlGoa00.png
Chief,https://acnhcdn.com/latest/NpcBromide/NpcNmlWol00.png
Chops,https://acnhcdn.com/latest/NpcBromide/NpcNmlPig14.png
Chow,https://acnhcdn.com/latest/NpcBromide/NpcNmlBea03.png
Chrissy,https://acnhcdn.com/latest/NpcBromide/NpcNmlRbt13.png
Claude,https://acnhcdn.com/latest/NpcBromide/NpcNmlRbt11.png
Claudia,https://acnhcdn.com/latest/NpcBromide/NpcNmlTig05.png
Clay,https://acnhcdn.com/latest/NpcBromide/NpcNmlHam05.png
Cleo,https://acnhcdn.com/latest/NpcBromide/NpcNmlHrs07.png
Clyde,https://acnhcdn.com/latest/NpcBromide/NpcNmlHrs10.png
Coach,https://acnhcdn.com/latest/NpcBromide/NpcNmlBul07.png
Cobb,https://acnhcdn.com/latest/NpcBromide/NpcNmlPig08.png
Coco,https://acnhcdn.com/latest/NpcBromide/NpcNmlRbt02.png
Cole,https://acnhcdn.com/latest/NpcBromide/NpcNmlRbt18.png
Colton,https://acnhcdn.com/latest/NpcBromide/NpcNmlHrs11.png
Cookie,https://acnhcdn.com/latest/NpcBromide/NpcNmlDog08.png
Cousteau,https://acnhcdn.com/latest/NpcBromide/NpcNmlFlg10.png
Cranston,https://acnhcdn.com/latest/NpcBromide/NpcNmlOst06.png
Croque,https://acnhcdn.com/latest/NpcBromide/NpcNmlFlg17.png
Cube,https://acnhcdn.com/latest/NpcBromide/NpcNmlPgn02.png
Curlos,https://acnhcdn.com/latest/NpcBromide/NpcNmlShp08.png
Curly,https://acnhcdn.com/latest/NpcBromide/NpcNmlPig00.png
Curt,https://acnhcdn.com/latest/NpcBromide/NpcNmlBea02.png
Cyd,https://acnhcdn.com/latest/NpcBromide/NpcNmlElp12.png
Cyrano,https://acnhcdn.com/latest/NpcBromide/NpcNmlAnt00.png
Daisy,https://acnhcdn.com/latest/NpcBromide/NpcNmlDog07.png
Deena,https://acnhcdn.com/latest/NpcBromide/NpcNmlDuk04.png
Deirdre,https://acnhcdn.com/latest/NpcBromide/NpcNmlDer04.png
Del,https://acnhcdn.com/latest/NpcBromide/NpcNmlCrd04.png
Deli,https://acnhcdn.com/latest/NpcBromide/NpcNmlMnk08.png
Derwin,https://acnhcdn.com/latest/NpcBromide/NpcNmlDuk08.png
Diana,https://acnhcdn.com/latest/NpcBromide/NpcNmlDer08.png
Diva,https://acnhcdn.com/latest/NpcBromide/NpcNmlFlg18.png
Dizzy,https://acnhcdn.com/latest/NpcBromide/NpcNmlElp01.png
Dobie,https://acnhcdn.com/latest/NpcBromide/NpcNmlWol04.png
Doc,https://acnhcdn.com/latest/NpcBromide/NpcNmlRbt10.png
Dom,https://acnhcdn.com/latest/NpcBromide/NpcNmlShp15.png
Dora,https://acnhcdn.com/latest/NpcBromide/NpcNmlMus00.png
Dotty,https://acnhcdn.com/latest/NpcBromide/NpcNmlRbt01.png
Drago,https://acnhcdn.com/latest/NpcBromide/NpcNmlCrd08.png
Drake,https://acnhcdn.com/latest/NpcBromide/NpcNmlDuk09.png
Drift,https://acnhcdn.com/latest/NpcBromide/NpcNmlFlg04.png
Ed,https://acnhcdn.com/latest/NpcBromide/NpcNmlHrs06.png
Egbert,https://acnhcdn.com/latest/NpcBromide/NpcNmlChn02.png
Elise,https://acnhcdn.com/latest/NpcBromide/NpcNmlMnk05.png
Ellie,https://acnhcdn.com/latest/NpcBromide/NpcNmlElp07.png
Elmer,https://acnhcdn.com/latest/NpcBromide/NpcNmlHrs03.png
Eloise,https://acnhcdn.com/latest/NpcBromide/NpcNmlElp03.png
Elvis,https://acnhcdn.com/latest/NpcBromide/NpcNmlLon01.png
Erik,https://acnhcdn.com/latest/NpcBromide/NpcNmlDer09.png
Eugene,https://acnhcdn.com/latest/NpcBromide/NpcNmlKal10.png
Eunice,https://acnhcdn.com/latest/NpcBromide/NpcNmlShp02.png
Fang,https://acnhcdn.com/latest/NpcBromide/NpcNmlWol06.png
Fauna,https://acnhcdn.com/latest/NpcBromide/NpcNmlDer00.png
Felicity,https://acnhcdn.com/latest/NpcBromide/NpcNmlCat17.png
Filbert,https://acnhcdn.com/latest/NpcBromide/NpcNmlSqu02.png
Flip,https://acnhcdn.com/latest/NpcBromide/NpcNmlMnk06.png
Flo,https://acnhcdn.com/latest/NpcBromide/NpcNmlPgn13.png
Flora,https://acnhcdn.com/latest/NpcBromide/NpcNmlOst09.png
Flurry,https://acnhcdn.com/latest/NpcBromide/NpcNmlHam06.png
Francine,https://acnhcdn.com/latest/NpcBromide/NpcNmlRbt12.png
Frank,https://acnhcdn.com/latest/NpcBromide/NpcNmlPbr06.png
Freckles,https://acnhcdn.com/latest/NpcBromide/NpcNmlDuk07.png
Freya,https://acnhcdn.com/latest/NpcBromide/NpcNmlWol05.png
Friga,https://acnhcdn.com/latest/NpcBromide/NpcNmlPgn04.png
Frita,https://acnhcdn.com/latest/NpcBromide/NpcNmlShp11.png
Frobert,https://acnhcdn.com/latest/NpcBromide/NpcNmlFlg02.png
Fuchsia,https://acnhcdn.com/latest/NpcBromide/NpcNmlDer06.png
Gabi,https://acnhcdn.com/latest/NpcBromide/NpcNmlRbt05.png
Gala,https://acnhcdn.com/latest/NpcBromide/NpcNmlPig13.png
Gaston,https://acnhcdn.com/latest/NpcBromide/NpcNmlRbt04.png
Gayle,https://acnhcdn.com/latest/NpcBromide/NpcNmlCrd07.png
Genji,https://acnhcdn.com/latest/NpcBromide/NpcNmlRbt08.png
Gigi,https://acnhcdn.com/latest/NpcBromide/NpcNmlFlg16.png
Gladys,https://acnhcdn.com/latest/NpcBromide/NpcNmlOst01.png
Gloria,https://acnhcdn.com/latest/NpcBromide/NpcNmlDuk15.png
Goldie,https://acnhcdn.com/latest/NpcBromide/NpcNmlDog00.png
Gonzo,https://acnhcdn.com/latest/NpcBromide/NpcNmlKal04.png
Goose,https://acnhcdn.com/latest/NpcBromide/NpcNmlChn00.png
Graham,https://acnhcdn.com/latest/NpcBromide/NpcNmlHam02.png
Greta,https://acnhcdn.com/latest/NpcBromide/NpcNmlMus16.png
Grizzly,https://acnhcdn.com/latest/NpcBromide/NpcNmlBea09.png
Groucho,https://acnhcdn.com/latest/NpcBromide/NpcNmlBea06.png
Gruff,https://acnhcdn.com/latest/NpcBromide/NpcNmlGoa04.png
Gwen,https://acnhcdn.com/latest/NpcBromide/NpcNmlPgn05.png
Hamlet,https://acnhcdn.com/latest/NpcBromide/NpcNmlHam00.png
Hamphrey,https://acnhcdn.com/latest/NpcBromide/NpcNmlHam07.png
Hans,https://acnhcdn.com/latest/NpcBromide/NpcNmlGor10.png
Harry,https://acnhcdn.com/latest/NpcBromide/NpcNmlHip08.png
Hazel,https://acnhcdn.com/latest/NpcBromide/NpcNmlSqu18.png
Henry,https://acnhcdn.com/latest/NpcBromide/NpcNmlFlg19.png
Hippeux,https://acnhcdn.com/latest/NpcBromide/NpcNmlHip09.png
Hopkins,https://acnhcdn.com/latest/NpcBromide/NpcNmlRbt14.png
Hopper,https://acnhcdn.com/latest/NpcBromide/NpcNmlPgn03.png
Hornsby,https://acnhcdn.com/latest/NpcBromide/NpcNmlRhn04.png
Huck,https://acnhcdn.com/latest/NpcBromide/NpcNmlFlg11.png
Hugh,https://acnhcdn.com/latest/NpcBromide/NpcNmlPig03.png
Iggly,https://acnhcdn.com/latest/NpcBromide/NpcNmlPgn11.png
Ike,https://acnhcdn.com/latest/NpcBromide/NpcNmlBea11.png
Jacob,https://acnhcdn.com/latest/NpcBromide/NpcNmlBrd11.png
Jacques,https://acnhcdn.com/latest/NpcBromide/NpcNmlBrd16.png
Jambette,https://acnhcdn.com/latest/NpcBromide/NpcNmlFlg13.png
Jay,https://acnhcdn.com/latest/NpcBromide/NpcNmlBrd00.png
Jeremiah,https://acnhcdn.com/latest/NpcBromide/NpcNmlFlg07.png
Jitters,https://acnhcdn.com/latest/NpcBromide/NpcNmlBrd04.png
Joey,https://acnhcdn.com/latest/NpcBromide/NpcNmlDuk01.png
Judy,https://acnhcdn.com/latest/NpcBromide/NpcNmlCbr19.png
Julia,https://acnhcdn.com/latest/NpcBromide/NpcNmlOst05.png
Julian,https://acnhcdn.com/latest/NpcBromide/NpcNmlHrs13.png
June,https://acnhcdn.com/latest/NpcBromide/NpcNmlCbr13.png
Kabuki,https://acnhcdn.com/latest/NpcBromide/NpcNmlCat09.png
Katt,https://acnhcdn.com/latest/NpcBromide/NpcNmlCat21.png
Keaton,https://acnhcdn.com/latest/NpcBromide/NpcNmlPbr08.png
Ken,https://acnhcdn.com/latest/NpcBromide/NpcNmlChn13.png
Ketchup,https://acnhcdn.com/latest/NpcBromide/NpcNmlDuk13.png
Kevin,https://acnhcdn.com/latest/NpcBromide/NpcNmlPig15.png
Kid Cat,https://acnhcdn.com/latest/NpcBromide/NpcNmlCat10.png
Kidd,https://acnhcdn.com/latest/NpcBromide/NpcNmlGoa07.png
Kiki,https://acnhcdn.com/latest/NpcBromide/NpcNmlCat04.png
Kitt,https://acnhcdn.com/latest/NpcBromide/NpcNmlKgr00.png
Kitty,https://acnhcdn.com/latest/NpcBromide/NpcNmlCat14.png
Klaus,https://acnhcdn.com/latest/NpcBromide/NpcNmlBea14.png
Knox,https://acnhcdn.com/latest/NpcBromide/NpcNmlChn11.png
Kody,https://acnhcdn.com/latest/NpcBromide/NpcNmlCbr04.png
Kyle,https://acnhcdn.com/latest/NpcBromide/NpcNmlWol10.png
Leonardo,https://acnhcdn.com/latest/NpcBromide/NpcNmlTig04.png
Leopold,https://acnhcdn.com/latest/NpcBromide/NpcNmlLon04.png
Lily,https://acnhcdn.com/latest/NpcBromide/NpcNmlFlg00.png
Limberg,https://acnhcdn.com/latest/NpcBromide/NpcNmlMus01.png
Lionel,https://acnhcdn.com/latest/NpcBromide/NpcNmlLon08.png
Lobo,https://acnhcdn.com/latest/NpcBromide/NpcNmlWol01.png
Lolly,https://acnhcdn.com/latest/NpcBromide/NpcNmlCat18.png
Lopez,https://acnhcdn.com/latest/NpcBromide/NpcNmlDer05.png
Louie,https://acnhcdn.com/latest/NpcBromide/NpcNmlGor04.png
Lucha,https://acnhcdn.com/latest/NpcBromide/NpcNmlBrd15.png
Lucky,https://acnhcdn.com/latest/NpcBromide/NpcNmlDog02.png
Lucy,https://acnhcdn.com/latest/NpcBromide/NpcNmlPig04.png
Lyman,https://acnhcdn.com/latest/NpcBromide/NpcNmlKal09.png
Mac,https://acnhcdn.com/latest/NpcBromide/NpcNmlDog14.png
Maddie,https://acnhcdn.com/latest/NpcBromide/NpcNmlDog09.png
Maelle,https://acnhcdn.com/latest/NpcBromide/NpcNmlDuk03.png
Maggie,https://acnhcdn.com/latest/NpcBromide/NpcNmlPig10.png
Mallary,https://acnhcdn.com/latest/NpcBromide/NpcNmlDuk06.png
Maple,https://acnhcdn.com/latest/NpcBromide/NpcNmlCbr01.png
Marcel,https://acnhcdn.com/latest/NpcBromide/NpcNmlDog15.png
Marcie,https://acnhcdn.com/latest/NpcBromide/NpcNmlKgr10.png
Margie,https://acnhcdn.com/latest/NpcBromide/NpcNmlElp04.png
Marina,https://acnhcdn.com/latest/NpcBromide/NpcNmlOcp01.png
Marshal,https://acnhcdn.com/latest/NpcBromide/NpcNmlSqu17.png
Mathilda,https://acnhcdn.com/latest/NpcBromide/NpcNmlKgr01.png
Megan,https://acnhcdn.com/latest/NpcBromide/NpcNmlBea15.png
Melba,https://acnhcdn.com/latest/NpcBromide/NpcNmlKal02.png
Merengue,https://acnhcdn.com/latest/NpcBromide/NpcNmlRhn07.png
Merry,https://acnhcdn.com/latest/NpcBromide/NpcNmlCat16.png
Midge,https://acnhcdn.com/latest/NpcBromide/NpcNmlBrd08.png
Mint,https://acnhcdn.com/latest/NpcBromide/NpcNmlSqu09.png
Mira,https://acnhcdn.com/latest/NpcBromide/NpcNmlRbt19.png
Miranda,https://acnhcdn.com/latest/NpcBromide/NpcNmlDuk12.png
Mitzi,https://acnhcdn.com/latest/NpcBromide/NpcNmlCat01.png
Moe,https://acnhcdn.com/latest/NpcBromide/NpcNmlCat08.png
Molly,https://acnhcdn.com/latest/NpcBromide/NpcNmlDuk16.png
Monique,https://acnhcdn.com/latest/NpcBromide/NpcNmlCat11.png
Monty,https://acnhcdn.com/latest/NpcBromide/NpcNmlMnk04.png
Moose,https://acnhcdn.com/latest/NpcBromide/NpcNmlMus14.png
Mott,https://acnhcdn.com/latest/NpcBromide/NpcNmlLon06.png
Muffy,https://acnhcdn.com/latest/NpcBromide/NpcNmlShp12.png
Murphy,https://acnhcdn.com/latest/NpcBromide/NpcNmlCbr07.png
Nan,https://acnhcdn.com/latest/NpcBromide/NpcNmlGoa01.png
Nana,https://acnhcdn.com/latest/NpcBromide/NpcNmlMnk01.png
Naomi,https://acnhcdn.com/latest/NpcBromide/NpcNmlCow07.png
Nate,https://acnhcdn.com/latest/NpcBromide/NpcNmlBea05.png
Nibbles,https://acnhcdn.com/latest/NpcBromide/NpcNmlSqu04.png
Norma,https://acnhcdn.com/latest/NpcBromide/NpcNmlCow06.png
O'Hare,https://acnhcdn.com/latest/NpcBromide/NpcNmlRbt15.png
Octavian,https://acnhcdn.com/latest/NpcBromide/NpcNmlOcp00.png
Olaf,https://acnhcdn.com/latest/NpcBromide/NpcNmlAnt09.png
Olive,https://acnhcdn.com/latest/NpcBromide/NpcNmlCbr09.png
Olivia,https://acnhcdn.com/latest/NpcBromide/NpcNmlCat03.png
Opal,https://acnhcdn.com/latest/NpcBromide/NpcNmlElp00.png
Ozzie,https://acnhcdn.com/latest/NpcBromide/NpcNmlKal05.png
Pancetti,https://acnhcdn.com/latest/NpcBromide/NpcNmlPig16.png
Pango,https://acnhcdn.com/latest/NpcBromide/NpcNmlAnt02.png
Paolo,https://acnhcdn.com/latest/NpcBromide/NpcNmlElp05.png
Papi,https://acnhcdn.com/latest/NpcBromide/NpcNmlHrs12.png
Pashmina,https://acnhcdn.com/latest/NpcBromide/NpcNmlGoa08.png
Pate,https://acnhcdn.com/latest/NpcBromide/NpcNmlDuk02.png
Patty,https://acnhcdn.com/latest/NpcBromide/NpcNmlCow00.png
Paula,https://acnhcdn.com/latest/NpcBromide/NpcNmlBea10.png
Peaches,https://acnhcdn.com/latest/NpcBromide/NpcNmlHrs08.png
Peanut,https://acnhcdn.com/latest/NpcBromide/NpcNmlSqu00.png
Pecan,https://acnhcdn.com/latest/NpcBromide/NpcNmlSqu03.png
Peck,https://acnhcdn.com/latest/NpcBromide/NpcNmlBrd17.png
Peewee,https://acnhcdn.com/latest/NpcBromide/NpcNmlGor01.png
Peggy,https://acnhcdn.com/latest/NpcBromide/NpcNmlPig11.png
Pekoe,https://acnhcdn.com/latest/NpcBromide/NpcNmlCbr14.png
Penelope,https://acnhcdn.com/latest/NpcBromide/NpcNmlMus17.png
Phil,https://acnhcdn.com/latest/NpcBromide/NpcNmlOst07.png
Phoebe,https://acnhcdn.com/latest/NpcBromide/NpcNmlOst10.png
Pierce,https://acnhcdn.com/latest/NpcBromide/NpcNmlPbr02.png
Pietro,https://acnhcdn.com/latest/NpcBromide/NpcNmlShp13.png
Pinky,https://acnhcdn.com/latest/NpcBromide/NpcNmlBea01.png
Piper,https://acnhcdn.com/latest/NpcBromide/NpcNmlBrd05.png
Pippy,https://acnhcdn.com/latest/NpcBromide/NpcNmlRbt06.png
Plucky,https://acnhcdn.com/latest/NpcBromide/NpcNmlChn10.png
Pompom,https://acnhcdn.com/latest/NpcBromide/NpcNmlDuk05.png
Poncho,https://acnhcdn.com/latest/NpcBromide/NpcNmlCbr02.png
Poppy,https://acnhcdn.com/latest/NpcBromide/NpcNmlSqu15.png
Portia,https://acnhcdn.com/latest/NpcBromide/NpcNmlDog05.png
Prince,https://acnhcdn.com/latest/NpcBromide/NpcNmlFlg12.png
Puck,https://acnhcdn.com/latest/NpcBromide/NpcNmlPgn06.png
Puddles,https://acnhcdn.com/latest/NpcBromide/NpcNmlFlg06.png
Pudge,https://acnhcdn.com/latest/NpcBromide/NpcNmlCbr03.png
Punchy,https://acnhcdn.com/latest/NpcBromide/NpcNmlCat06.png
Purrl,https://acnhcdn.com/latest/NpcBromide/NpcNmlCat07.png
Queenie,https://acnhcdn.com/latest/NpcBromide/NpcNmlOst00.png
Quillson,https://acnhcdn.com/latest/NpcBromide/NpcNmlDuk17.png
Raddle,https://acnhcdn.com/latest/NpcBromide/NpcNmlFlg15.png
Rasher,https://acnhcdn.com/latest/NpcBromide/NpcNmlPig02.png
Raymond,https://acnhcdn.com/latest/NpcBromide/NpcNmlCat23.png
Ren√©e,https://acnhcdn.com/latest/NpcBromide/NpcNmlRhn08.png
Reneigh,https://acnhcdn.com/latest/NpcBromide/NpcNmlHrs16.png
Rex,https://acnhcdn.com/latest/NpcBromide/NpcNmlLon02.png
Rhonda,https://acnhcdn.com/latest/NpcBromide/NpcNmlRhn01.png
Ribbot,https://acnhcdn.com/latest/NpcBromide/NpcNmlFlg01.png
Ricky,https://acnhcdn.com/latest/NpcBromide/NpcNmlSqu10.png
Rizzo,https://acnhcdn.com/latest/NpcBromide/NpcNmlMus09.png
Roald,https://acnhcdn.com/latest/NpcBromide/NpcNmlPgn01.png
Robin,https://acnhcdn.com/latest/NpcBromide/NpcNmlBrd01.png
Rocco,https://acnhcdn.com/latest/NpcBromide/NpcNmlHip00.png
Rocket,https://acnhcdn.com/latest/NpcBromide/NpcNmlGor09.png
Rod,https://acnhcdn.com/latest/NpcBromide/NpcNmlMus05.png
Rodeo,https://acnhcdn.com/latest/NpcBromide/NpcNmlBul01.png
Rodney,https://acnhcdn.com/latest/NpcBromide/NpcNmlHam03.png
Rolf,https://acnhcdn.com/latest/NpcBromide/NpcNmlTig00.png
Rooney,https://acnhcdn.com/latest/NpcBromide/NpcNmlKgr09.png
Rory,https://acnhcdn.com/latest/NpcBromide/NpcNmlLon07.png
Roscoe,https://acnhcdn.com/latest/NpcBromide/NpcNmlHrs04.png
Rosie,https://acnhcdn.com/latest/NpcBromide/NpcNmlCat02.png
Rowan,https://acnhcdn.com/latest/NpcBromide/NpcNmlTig01.png
Ruby,https://acnhcdn.com/latest/NpcBromide/NpcNmlRbt09.png
Rudy,https://acnhcdn.com/latest/NpcBromide/NpcNmlCat20.png
Sally,https://acnhcdn.com/latest/NpcBromide/NpcNmlSqu07.png
Samson,https://acnhcdn.com/latest/NpcBromide/NpcNmlMus04.png
Sandy,https://acnhcdn.com/latest/NpcBromide/NpcNmlOst02.png
Savannah,https://acnhcdn.com/latest/NpcBromide/NpcNmlHrs02.png
Scoot,https://acnhcdn.com/latest/NpcBromide/NpcNmlDuk10.png
Shari,https://acnhcdn.com/latest/NpcBromide/NpcNmlMnk07.png
Sheldon,https://acnhcdn.com/latest/NpcBromide/NpcNmlSqu16.png
Shep,https://acnhcdn.com/latest/NpcBromide/NpcNmlDog18.png
Sherb,https://acnhcdn.com/latest/NpcBromide/NpcNmlGoa09.png
Simon,https://acnhcdn.com/latest/NpcBromide/NpcNmlMnk02.png
Skye,https://acnhcdn.com/latest/NpcBromide/NpcNmlWol09.png
Sly,https://acnhcdn.com/latest/NpcBromide/NpcNmlCrd06.png
Snake,https://acnhcdn.com/latest/NpcBromide/NpcNmlRbt03.png
Snooty,https://acnhcdn.com/latest/NpcBromide/NpcNmlAnt06.png
Soleil,https://acnhcdn.com/latest/NpcBromide/NpcNmlHam04.png
Sparro,https://acnhcdn.com/latest/NpcBromide/NpcNmlBrd18.png
Spike,https://acnhcdn.com/latest/NpcBromide/NpcNmlRhn02.png
Spork,https://acnhcdn.com/latest/NpcBromide/NpcNmlPig05.png
Sprinkle,https://acnhcdn.com/latest/NpcBromide/NpcNmlPgn14.png
Sprocket,https://acnhcdn.com/latest/NpcBromide/NpcNmlOst03.png
Static,https://acnhcdn.com/latest/NpcBromide/NpcNmlSqu08.png
Stella,https://acnhcdn.com/latest/NpcBromide/NpcNmlShp03.png
Sterling,https://acnhcdn.com/latest/NpcBromide/NpcNmlPbr07.png
Stinky,https://acnhcdn.com/latest/NpcBromide/NpcNmlCat13.png
Stitches,https://acnhcdn.com/latest/NpcBromide/NpcNmlCbr05.png
Stu,https://acnhcdn.com/latest/NpcBromide/NpcNmlBul03.png
Sydney,https://acnhcdn.com/latest/NpcBromide/NpcNmlKal03.png
Sylvana,https://acnhcdn.com/latest/NpcBromide/NpcNmlSqu14.png
Sylvia,https://acnhcdn.com/latest/NpcBromide/NpcNmlKgr06.png
T-Bone,https://acnhcdn.com/latest/NpcBromide/NpcNmlBul05.png
Tabby,https://acnhcdn.com/latest/NpcBromide/NpcNmlCat12.png
Tad,https://acnhcdn.com/latest/NpcBromide/NpcNmlFlg09.png
Tammi,https://acnhcdn.com/latest/NpcBromide/NpcNmlMnk03.png
Tammy,https://acnhcdn.com/latest/NpcBromide/NpcNmlCbr17.png
Tangy,https://acnhcdn.com/latest/NpcBromide/NpcNmlCat05.png
Tank,https://acnhcdn.com/latest/NpcBromide/NpcNmlRhn00.png
Tasha,https://acnhcdn.com/latest/NpcBromide/NpcNmlSqu13.png
Teddy,https://acnhcdn.com/latest/NpcBromide/NpcNmlBea00.png
Tex,https://acnhcdn.com/latest/NpcBromide/NpcNmlPgn12.png
Tia,https://acnhcdn.com/latest/NpcBromide/NpcNmlElp10.png
Tiffany,https://acnhcdn.com/latest/NpcBromide/NpcNmlRbt07.png
Timbra,https://acnhcdn.com/latest/NpcBromide/NpcNmlShp10.png
Tipper,https://acnhcdn.com/latest/NpcBromide/NpcNmlCow01.png
Tom,https://acnhcdn.com/latest/NpcBromide/NpcNmlCat15.png
Truffles,https://acnhcdn.com/latest/NpcBromide/NpcNmlPig01.png
Tucker,https://acnhcdn.com/latest/NpcBromide/NpcNmlElp09.png
Tutu,https://acnhcdn.com/latest/NpcBromide/NpcNmlBea07.png
Twiggy,https://acnhcdn.com/latest/NpcBromide/NpcNmlBrd03.png
Tybalt,https://acnhcdn.com/latest/NpcBromide/NpcNmlTig02.png
Ursala,https://acnhcdn.com/latest/NpcBromide/NpcNmlBea08.png
Velma,https://acnhcdn.com/latest/NpcBromide/NpcNmlGoa06.png
Vesta,https://acnhcdn.com/latest/NpcBromide/NpcNmlShp00.png
Vic,https://acnhcdn.com/latest/NpcBromide/NpcNmlBul08.png
Victoria,https://acnhcdn.com/latest/NpcBromide/NpcNmlHrs01.png
Violet,https://acnhcdn.com/latest/NpcBromide/NpcNmlGor07.png
Vivian,https://acnhcdn.com/latest/NpcBromide/NpcNmlWol08.png
Vladimir,https://acnhcdn.com/latest/NpcBromide/NpcNmlCbr06.png
Wade,https://acnhcdn.com/latest/NpcBromide/NpcNmlPgn09.png
Walker,https://acnhcdn.com/latest/NpcBromide/NpcNmlDog06.png
Walt,https://acnhcdn.com/latest/NpcBromide/NpcNmlKgr08.png
Wart Jr.,https://acnhcdn.com/latest/NpcBromide/NpcNmlFlg05.png
Weber,https://acnhcdn.com/latest/NpcBromide/NpcNmlDuk11.png
Wendy,https://acnhcdn.com/latest/NpcBromide/NpcNmlShp09.png
Whitney,https://acnhcdn.com/latest/NpcBromide/NpcNmlWol03.png
Willow,https://acnhcdn.com/latest/NpcBromide/NpcNmlShp07.png
Winnie,https://acnhcdn.com/latest/NpcBromide/NpcNmlHrs05.png
Wolfgang,https://acnhcdn.com/latest/NpcBromide/NpcNmlWol02.png
Yuka,https://acnhcdn.com/latest/NpcBromide/NpcNmlKal00.png
Zell,https://acnhcdn.com/latest/NpcBromide/NpcNmlDer02.png
Zucker,https://acnhcdn.com/latest/NpcBromide/NpcNmlOcp02.png